{"loss": [0.5223568677902222, 0.35268592834472656, 0.25334882736206055, 0.18241603672504425, 0.11534764617681503, 0.07609545439481735, 0.058030109852552414, 0.04238813742995262, 0.03112509474158287, 0.03089177794754505, 0.033097270876169205, 0.025300685316324234, 0.026214109733700752, 0.020963722839951515, 0.022736988961696625, 0.02023591846227646, 0.023420412093400955, 0.017238914966583252, 0.021187078207731247, 0.02015623450279236, 0.021840928122401237, 0.02366608753800392, 0.023339517414569855], "MCC": [0.6515520215034485, 0.7630448341369629, 0.832072377204895, 0.8789284825325012, 0.9323417544364929, 0.9559563398361206, 0.9687989950180054, 0.9732409715652466, 0.9815614819526672, 0.9842245578765869, 0.9815219640731812, 0.9889708161354065, 0.9848025441169739, 0.9892603754997253, 0.986578106880188, 0.9913400411605835, 0.9868726134300232, 0.9922458529472351, 0.9901598691940308, 0.9895921945571899, 0.9892603754997253, 0.9889625906944275, 0.9880540370941162], "val_loss": [0.37585729360580444, 0.3316521644592285, 0.318146288394928, 0.3612297475337982, 0.3769308626651764, 0.4018992781639099, 0.5343411564826965, 0.4759158492088318, 0.47086453437805176, 0.47560301423072815, 0.4572085440158844, 0.4622963070869446, 0.47034844756126404, 0.47002658247947693, 0.4828953742980957, 0.4804251790046692, 0.47640058398246765, 0.485630601644516, 0.4838729202747345, 0.4851769208908081, 0.4919007122516632, 0.4889198839664459, 0.47735342383384705], "val_MCC": [0.7899221777915955, 0.826387345790863, 0.813513994216919, 0.8021454215049744, 0.8165850043296814, 0.7998718023300171, 0.8022604584693909, 0.7739642858505249, 0.799616813659668, 0.7866592407226562, 0.8263747096061707, 0.799616813659668, 0.7866592407226562, 0.7866592407226562, 0.7866592407226562, 0.7866592407226562, 0.8128505349159241, 0.799616813659668, 0.799616813659668, 0.7866592407226562, 0.7866592407226562, 0.7866592407226562, 0.7866592407226562], "lr": [9.999999747378752e-05, 9.999999747378752e-05, 9.999999747378752e-05, 9.999999747378752e-05, 9.999999747378752e-05, 9.999999747378752e-05, 9.999999747378752e-05, 1.9999999494757503e-05, 1.9999999494757503e-05, 1.9999999494757503e-05, 1.9999999494757503e-05, 1.9999999494757503e-05, 3.999999989900971e-06, 3.999999989900971e-06, 3.999999989900971e-06, 3.999999989900971e-06, 3.999999989900971e-06, 8.000000093488779e-07, 8.000000093488779e-07, 8.000000093488779e-07, 8.000000093488779e-07, 8.000000093488779e-07, 1.5999999902760464e-07]}