{"loss": [2.2453384399414062, 1.4743163585662842, 1.107764482498169, 0.9259274005889893, 0.854113757610321, 0.8062931299209595, 0.775959312915802, 0.7545637488365173, 0.7444142699241638, 0.718633234500885, 0.713509738445282, 0.6891241073608398, 0.6837089657783508, 0.6413747668266296, 0.6429248452186584, 0.6355479955673218, 0.6144370436668396, 0.6047728061676025, 0.5755175948143005, 0.569359302520752, 0.4922696650028229, 0.46407321095466614, 0.45620858669281006, 0.4620261490345001, 0.4538531005382538, 0.4465981423854828, 0.44105979800224304, 0.4336429834365845, 0.4318900406360626, 0.42979615926742554, 0.42179107666015625, 0.41439810395240784, 0.4067247211933136, 0.4136059880256653, 0.4041729271411896, 0.3980143070220947, 0.4051169753074646, 0.3999684751033783, 0.40452277660369873, 0.4011019170284271, 0.4017427861690521, 0.39450013637542725, 0.40107664465904236, 0.4017642140388489, 0.39736440777778625, 0.39681074023246765, 0.3980364203453064], "MCC": [0.42728307843208313, 0.5516079664230347, 0.6233424544334412, 0.654845118522644, 0.6806759238243103, 0.6900193691253662, 0.7084819078445435, 0.7188042402267456, 0.7288158535957336, 0.7314026355743408, 0.7405652403831482, 0.7458146214485168, 0.7568426728248596, 0.7750949859619141, 0.7817762494087219, 0.7839361429214478, 0.7910072803497314, 0.8048550486564636, 0.8272954821586609, 0.8249627351760864, 0.8439505100250244, 0.8567114472389221, 0.8608478307723999, 0.8610520958900452, 0.8610345125198364, 0.8723846673965454, 0.8643885254859924, 0.8735528588294983, 0.8786103129386902, 0.869694173336029, 0.8767340779304504, 0.8780800104141235, 0.8805286288261414, 0.8800126314163208, 0.8823026418685913, 0.8849517107009888, 0.8800105452537537, 0.8820472359657288, 0.8821768164634705, 0.8896791934967041, 0.8811748027801514, 0.8914822340011597, 0.8789513111114502, 0.8779457211494446, 0.8831030130386353, 0.887234628200531, 0.8890960216522217], "val_loss": [1.7110596895217896, 1.214624285697937, 1.0364056825637817, 0.8540875911712646, 0.7752999067306519, 0.7940418124198914, 0.8047859072685242, 0.7803323864936829, 0.8666834235191345, 0.7843614220619202, 0.7386947870254517, 0.6814700365066528, 0.6889252066612244, 0.6951032876968384, 0.6235003471374512, 0.6138619184494019, 0.6271167993545532, 0.6344292759895325, 0.6460757851600647, 0.6308502554893494, 0.5341558456420898, 0.5040878057479858, 0.5054993033409119, 0.5087051391601562, 0.5002455115318298, 0.5059402585029602, 0.5128393769264221, 0.5131822824478149, 0.508913516998291, 0.5248599052429199, 0.49237537384033203, 0.4940892457962036, 0.4797690808773041, 0.49363887310028076, 0.4806770384311676, 0.49071240425109863, 0.48365235328674316, 0.48631924390792847, 0.49454933404922485, 0.48241671919822693, 0.48480066657066345, 0.48585277795791626, 0.4839693307876587, 0.478819340467453, 0.48569896817207336, 0.4737519919872284, 0.4870334267616272], "val_MCC": [0.6041533946990967, 0.7100552320480347, 0.6913465857505798, 0.7217507362365723, 0.7476608753204346, 0.7217111587524414, 0.678148090839386, 0.7519351840019226, 0.6663535833358765, 0.7073310613632202, 0.7265387177467346, 0.7971243858337402, 0.78065425157547, 0.7423701286315918, 0.8315083980560303, 0.8169193863868713, 0.8162530660629272, 0.7795649170875549, 0.7748236656188965, 0.7762078642845154, 0.8314874768257141, 0.8314874768257141, 0.8321645259857178, 0.8433846831321716, 0.8314874768257141, 0.8555203676223755, 0.8295350670814514, 0.8278298377990723, 0.8554863929748535, 0.8039910793304443, 0.8439431190490723, 0.8301520347595215, 0.8294934630393982, 0.8559558391571045, 0.8416942358016968, 0.8411755561828613, 0.8278298377990723, 0.8439431190490723, 0.8555203676223755, 0.8559558391571045, 0.8555203676223755, 0.8555203676223755, 0.8555203676223755, 0.8555203676223755, 0.8439431190490723, 0.8559558391571045, 0.8290014266967773], "lr": [9.999999747378752e-05, 9.999999747378752e-05, 9.999999747378752e-05, 9.999999747378752e-05, 9.999999747378752e-05, 9.999999747378752e-05, 9.999999747378752e-05, 9.999999747378752e-05, 9.999999747378752e-05, 9.999999747378752e-05, 9.999999747378752e-05, 9.999999747378752e-05, 9.999999747378752e-05, 9.999999747378752e-05, 9.999999747378752e-05, 9.999999747378752e-05, 9.999999747378752e-05, 9.999999747378752e-05, 9.999999747378752e-05, 9.999999747378752e-05, 1.9999999494757503e-05, 1.9999999494757503e-05, 1.9999999494757503e-05, 1.9999999494757503e-05, 1.9999999494757503e-05, 1.9999999494757503e-05, 1.9999999494757503e-05, 1.9999999494757503e-05, 1.9999999494757503e-05, 1.9999999494757503e-05, 1.9999999494757503e-05, 3.999999989900971e-06, 3.999999989900971e-06, 3.999999989900971e-06, 3.999999989900971e-06, 3.999999989900971e-06, 3.999999989900971e-06, 3.999999989900971e-06, 3.999999989900971e-06, 8.000000093488779e-07, 8.000000093488779e-07, 8.000000093488779e-07, 8.000000093488779e-07, 8.000000093488779e-07, 1.5999999902760464e-07, 1.5999999902760464e-07, 1.5999999902760464e-07]}